\@eLKaZedaiR les parents, nous savons :-) @MontgomeryFine\,1
@ariday_toledo :):):),1
@megloveemeg Hi! Saw u follow HotNewHipHop and thought u might like "Paradigm https://t.co/jTz6OlLPUA .Plz let us know what u think :),1
\@KlauDzja97 @PoloniaFanClub Ja czasem zatnÄ™ siÄ™ tak niewiele, a leci tyle krwi jakbym nie wiem, co robiÅ‚a :P\,1
\@East_ angry birds 2! Seriously, Battlefront I think, I just want to be in the cockpit of the millennium falcon again :D\,1
RT @JustDreamer93: @ScarletteDrake Thank yooou! â˜º I still think he's not real :D,1
@markiplier congratulations Mark!!!!! U have now taken over Sweden :D,1
:),1
RT @TheRealKMcKidd: Me n @IamSandraOh - photo courtesy of @TonyTphelan lovely seeing you guys :) @GreysABC #alumni http://t.co/4gGCbsSLia,1
@starcatalyst wanna do dinner sometime this week? :),1
@wildhstyles :) pelo menos ele viu nÃ© ahskdj,1
@davidjrusek @franckcuny yup you should come more often :),1
@azulsoir @RadioDisneyLA @ArianaGrande :) OK YO TAMBIEN,1
RT @davidmcchrystal: I knew @Memphis would be special! :D @ManUtd #MemphisDepay #GGMU,1
@WindowsSupport I haven't...I'll give that a go and get back to you :),1
Ğ”Ñ€ÑƒĞ·ÑŒÑ :( http://t.co/d5fQYooIX4,-1
@Conduit00 just found this. This mentions Kevin Folta. Its sad :( I hope @joerogan will see this. http://t.co/n5NO9ZS6WE,-1
@BriTay__ you no text me back :(,-1
ReciÃ©n me levanto :(ğŸ˜ª,-1
@Ammarstan78  Ø®Ù„Ø§Øµ ÙŠØ§ Ø§Ø­Ù…Ø¯ :(,-1
@withak__ :(  :***,-1
Ø­Ø³Ø¨ÙŠ Ø§Ù„Ù„Ù‡ Ø¨Ù…ÙˆØª Ø§Ù„ØµÙˆØ± :( ğŸ”¥ğŸ”¥ğŸ”¥ https://t.co/BKbPhV0afI,-1
evet az evvel Recep Tayyip ErdoÄŸan'Ä±n hesabÄ±nÄ± "reis" yazarak arattÄ±m. :(,-1
pero te como :((((  https://t.co/joPpZQmLhH,-1
@breathegently pf::(,-1
RT @baabyy_c: can't wait for it to be cold so I can just wear a hoodie every single day smh it's TOOO!!!! damn hot idk what to wear anymoreâ€¦,-1
\RT @Videos__Vine: Este vine es impactante, el amor que un animal siente por ti es infinito. Pobre perro llorando a su dueÃ±o. :( https://t.câ€¦\,-1
\@HellBrendy Det samme skjer med min venninne. Fast jobb, god lÃ¸nn og masse egenkapital. Alt blir vanskelig nÃ¥r man er en :(\,-1
@charlespeverell. Hallo Dude :(,-1
@kwsofresh I love him :(,-1
